{
  "$schema": "https://dev.office.com/json-schemas/spfx/client-side-web-part-manifest.schema.json",
  "id": "71ee5d3a-60f4-43c6-8248-df44b5e82c59",
  "alias": "TaskListWebPart",
  "componentType": "WebPart",

  // The "*" signifies that the version should be taken from the package.json
  "version": "*",
  "manifestVersion": 2,

  // If true, the component can only be installed on sites where Custom Script is allowed.
  // Components that allow authors to embed arbitrary script code should set this to true.
  // https://support.office.com/en-us/article/Turn-scripting-capabilities-on-or-off-1f2c515f-5d7e-448a-9fd7-835da935584f
  "requiresCustomScript": false,

  "preconfiguredEntries": [{
    "groupId": "5c03119e-3074-46fd-976b-c60198311f70", // Other
    "group": { "default": "Other" },
    "title": { "default": "TaskList" },
    "description": { "default": "custom task list web part" },
    "officeFabricIconFontName": "Page",
    "properties": {
      //"description": "TaskList"
      "listName":"",
      "viewName":""
    }
  }]
}
